Time (UTC),Machines > Drill Press > MIB > X-Horizontal > Damage Accumulation,Machines > Drill Press > MIB > Y-Radial > Damage Accumulation
2/29/20 5:00,,
2/29/20 5:10,,
2/29/20 5:20,,
2/29/20 5:30,,
2/29/20 5:40,,
2/29/20 5:49,,
2/29/20 5:59,,
2/29/20 6:10,,
2/29/20 6:20,,
2/29/20 6:30,,
2/29/20 6:40,,
2/29/20 6:50,,
2/29/20 6:59,,
2/29/20 7:09,,
2/29/20 7:20,,
2/29/20 7:30,,
2/29/20 7:40,,
2/29/20 7:50,,
2/29/20 8:00,,
2/29/20 8:09,,
2/29/20 8:19,,
2/29/20 8:30,,
2/29/20 8:40,,
2/29/20 8:50,,
2/29/20 9:00,,
2/29/20 9:10,,
2/29/20 9:19,,
2/29/20 9:29,,
2/29/20 9:40,,
2/29/20 9:50,,
2/29/20 10:00,,
2/29/20 10:10,,
2/29/20 10:20,,
2/29/20 10:29,,
2/29/20 10:39,,
2/29/20 10:50,,
2/29/20 11:00,,
2/29/20 11:10,,
2/29/20 11:20,,
2/29/20 11:30,,
2/29/20 11:39,,
2/29/20 11:49,,
2/29/20 12:00,,
2/29/20 12:10,,
2/29/20 12:20,,
2/29/20 12:30,,
2/29/20 12:40,,
2/29/20 12:49,,
2/29/20 12:59,,
2/29/20 13:10,,
2/29/20 13:20,,
2/29/20 13:30,,
2/29/20 13:40,,
2/29/20 13:50,,
2/29/20 13:59,,
2/29/20 14:09,,
2/29/20 14:20,,
2/29/20 14:30,,
2/29/20 14:40,,
2/29/20 14:50,,
2/29/20 15:00,,
2/29/20 15:09,,
2/29/20 15:19,,
2/29/20 15:30,,
2/29/20 15:40,,
2/29/20 15:50,,
2/29/20 16:00,,
2/29/20 16:10,,
2/29/20 16:19,,
2/29/20 16:29,,
2/29/20 16:40,,
2/29/20 16:50,,
2/29/20 17:00,,
2/29/20 17:10,,
2/29/20 17:20,,
2/29/20 17:29,,
2/29/20 17:39,,
2/29/20 17:50,,
2/29/20 18:00,,
2/29/20 18:10,,
2/29/20 18:20,,
2/29/20 18:30,,
2/29/20 18:40,,
2/29/20 18:49,,
2/29/20 18:59,,
2/29/20 19:10,,
2/29/20 19:20,,
2/29/20 19:30,,
2/29/20 19:40,,
2/29/20 19:50,,
2/29/20 19:59,,
2/29/20 20:09,,
2/29/20 20:20,,
2/29/20 20:30,,
2/29/20 20:40,,
2/29/20 20:50,,
2/29/20 21:00,,
2/29/20 21:09,,
2/29/20 21:20,,
2/29/20 21:30,,
2/29/20 21:40,,
2/29/20 21:50,,
2/29/20 22:00,,
2/29/20 22:10,,
2/29/20 22:19,,
2/29/20 22:29,,
2/29/20 22:40,,
2/29/20 22:50,,
2/29/20 23:00,,
2/29/20 23:10,,
2/29/20 23:20,,
2/29/20 23:29,,
2/29/20 23:39,,
2/29/20 23:50,,
3/1/20 0:00,,
3/1/20 0:10,,
3/1/20 0:20,,
3/1/20 0:30,,
3/1/20 0:39,,
3/1/20 0:50,,
3/1/20 1:00,,
3/1/20 1:10,,
3/1/20 1:20,,
3/1/20 1:30,,
3/1/20 1:39,,
3/1/20 1:49,,
3/1/20 2:00,,
3/1/20 2:10,,
3/1/20 2:30,,
3/1/20 2:40,,
3/1/20 2:49,,
3/1/20 2:59,,
3/1/20 3:10,,
3/1/20 3:20,,
3/1/20 3:30,,
3/1/20 3:40,,
3/1/20 3:50,,
3/1/20 4:00,,
3/1/20 4:09,,
3/1/20 4:20,,
3/1/20 4:30,,
3/1/20 4:40,,
3/1/20 4:50,,
3/1/20 5:00,,
3/1/20 5:10,,
3/1/20 5:19,,
3/1/20 5:30,,
3/1/20 5:40,,
3/1/20 5:50,,
3/1/20 6:00,,
3/1/20 6:10,,
3/1/20 6:20,,
3/1/20 6:29,,
3/1/20 6:39,,
3/1/20 6:50,,
3/1/20 7:00,,
3/1/20 7:10,,
3/1/20 7:20,,
3/1/20 7:30,,
3/1/20 7:39,,
3/1/20 7:49,,
3/1/20 8:00,,
3/1/20 8:10,,
3/1/20 8:20,,
3/1/20 8:30,,
3/1/20 8:40,,
3/1/20 8:50,,
3/1/20 8:59,,
3/1/20 9:10,,
3/1/20 9:20,,
3/1/20 9:30,,
3/1/20 9:40,,
3/1/20 9:50,,
3/1/20 10:00,,
3/1/20 10:09,,
3/1/20 10:20,,
3/1/20 10:30,,
3/1/20 10:40,,
3/1/20 10:50,,
3/1/20 11:00,,
3/1/20 11:10,,
3/1/20 11:19,,
3/1/20 11:30,,
3/1/20 11:40,,
3/1/20 11:50,,
3/1/20 12:00,,
3/1/20 12:10,,
3/1/20 12:20,,
3/1/20 12:29,,
3/1/20 12:39,,
3/1/20 12:50,,
3/1/20 13:00,,
3/1/20 13:10,,
3/1/20 13:20,,
3/1/20 13:30,,
3/1/20 13:39,,
3/1/20 13:49,,
3/1/20 14:00,,
3/1/20 14:10,,
3/1/20 14:20,,
3/1/20 14:30,,
3/1/20 14:40,,
3/1/20 14:50,,
3/1/20 14:59,,
3/1/20 15:10,,
3/1/20 15:20,,
3/1/20 15:30,,
3/1/20 15:40,,
3/1/20 15:50,,
3/1/20 16:00,,
3/1/20 16:09,,
3/1/20 16:20,,
3/1/20 16:30,,
3/1/20 16:40,,
3/1/20 16:50,,
3/1/20 17:00,,
3/1/20 17:09,,
3/1/20 17:19,,
3/1/20 17:30,,
3/1/20 17:40,,
3/1/20 17:50,,
3/1/20 18:00,,
3/1/20 18:10,,
3/1/20 18:19,,
3/1/20 18:29,,
3/1/20 18:40,,
3/1/20 18:50,,
3/1/20 19:00,,
3/1/20 19:10,,
3/1/20 19:20,,
3/1/20 19:30,,
3/1/20 19:39,,
3/1/20 19:50,,
3/1/20 20:00,,
3/1/20 20:10,,
3/1/20 20:20,,
3/1/20 20:30,,
3/1/20 20:40,,
3/1/20 20:49,,
3/1/20 21:00,,
3/1/20 21:10,,
3/1/20 21:20,,
3/1/20 21:30,,
3/1/20 21:40,,
3/1/20 21:50,,
3/1/20 21:59,,
3/1/20 22:10,,
3/1/20 22:20,,
3/1/20 22:30,,
3/1/20 22:40,,
3/1/20 22:50,,
3/1/20 23:00,,
3/1/20 23:09,,
3/1/20 23:20,,
3/1/20 23:30,,
3/1/20 23:40,,
3/1/20 23:50,,
3/2/20 0:00,,
3/2/20 0:10,,
3/2/20 0:19,,
3/2/20 0:30,,
3/2/20 0:40,,
3/2/20 0:50,,
3/2/20 1:00,,
3/2/20 1:10,,
3/2/20 1:19,,
3/2/20 1:30,,
3/2/20 1:40,,
3/2/20 1:50,,
3/2/20 2:00,,
3/2/20 2:10,,
3/2/20 2:20,,
3/2/20 2:29,,
3/2/20 2:40,,
3/2/20 2:50,,
3/2/20 3:00,,
3/2/20 3:10,,
3/2/20 3:20,,
3/2/20 3:30,,
3/2/20 3:39,,
3/2/20 3:49,,
3/2/20 4:00,,
3/2/20 4:10,,
3/2/20 4:20,,
3/2/20 4:30,,
3/2/20 4:40,,
3/2/20 4:50,,
3/2/20 4:59,,
3/2/20 5:10,,
3/2/20 5:20,,
3/2/20 5:30,,
3/2/20 5:40,,
3/2/20 5:50,,
3/2/20 5:59,,
3/2/20 6:09,,
3/2/20 6:20,,
3/2/20 6:30,,
3/2/20 6:40,,
3/2/20 6:50,,
3/2/20 7:00,,
3/2/20 7:09,,
3/2/20 7:19,,
3/2/20 7:30,,
3/2/20 7:40,,
3/2/20 7:50,,
3/2/20 8:00,,
3/2/20 8:10,,
3/2/20 8:20,,
3/2/20 8:29,,
3/2/20 8:40,,
3/2/20 8:50,,
3/2/20 9:00,,
3/2/20 9:10,,
3/2/20 9:20,,
3/2/20 9:30,,
3/2/20 9:39,,
3/2/20 9:50,,
3/2/20 10:00,,
3/2/20 10:10,,
3/2/20 10:20,,
3/2/20 10:30,,
3/2/20 10:40,,
3/2/20 10:49,,
3/2/20 11:00,,
3/2/20 11:10,,
3/2/20 11:20,,
3/2/20 11:30,,
3/2/20 11:40,,
3/2/20 11:50,,
3/2/20 11:59,,
3/2/20 12:09,,
3/2/20 12:20,,
3/2/20 12:30,,
3/2/20 12:40,,
3/2/20 12:50,,
3/2/20 13:00,,
3/2/20 13:09,,
3/2/20 13:19,,
3/2/20 13:30,,
3/2/20 13:40,,
3/2/20 13:50,,
3/2/20 14:00,,
3/2/20 14:10,,
3/2/20 14:20,,
3/2/20 14:29,,
3/2/20 14:40,,
3/2/20 14:50,,
3/2/20 15:00,,
3/2/20 15:10,,
3/2/20 15:20,,
3/2/20 15:30,,
3/2/20 15:39,,
3/2/20 15:50,,
3/2/20 16:00,,
3/2/20 16:10,,
3/2/20 16:20,,
3/2/20 16:30,,
3/2/20 16:40,,
3/2/20 16:49,,
3/2/20 17:00,,
3/2/20 17:10,,
3/2/20 17:20,,
3/2/20 17:30,,
3/2/20 17:40,,
3/2/20 17:50,,
3/2/20 17:59,,
3/2/20 18:10,,
3/2/20 18:20,,
3/2/20 18:30,,
3/2/20 18:40,,
3/2/20 18:50,,
3/2/20 19:00,,
3/2/20 19:09,,
3/2/20 19:20,,
3/2/20 19:30,,
3/2/20 19:40,,
3/2/20 19:50,,
3/2/20 20:00,,
3/2/20 20:10,,
3/2/20 20:19,,
3/2/20 20:30,,
3/2/20 20:40,,
3/2/20 20:50,,
3/2/20 21:00,,
3/2/20 21:10,,
3/2/20 21:20,,
3/2/20 21:29,,
3/2/20 21:40,,
3/2/20 21:50,,
3/2/20 22:00,,
3/2/20 22:10,,
3/2/20 22:20,,
3/2/20 22:30,,
3/2/20 22:39,,
3/2/20 22:50,,
3/2/20 23:00,,
3/2/20 23:10,,
3/2/20 23:20,,
3/2/20 23:30,,
3/2/20 23:40,,
3/2/20 23:49,,
3/3/20 0:00,,
3/3/20 0:10,,
3/3/20 0:20,,
3/3/20 0:30,,
3/3/20 0:40,,
3/3/20 0:50,,
3/3/20 0:59,,
3/3/20 1:10,,
3/3/20 1:20,,
3/3/20 1:40,,
3/3/20 1:50,,
3/3/20 2:00,,
3/3/20 2:09,,
3/3/20 2:20,,
3/3/20 2:30,,
3/3/20 2:40,,
3/3/20 2:50,,
3/3/20 3:00,,
3/3/20 3:10,,
3/3/20 3:19,,
3/3/20 3:30,,
3/3/20 3:40,,
3/3/20 3:50,,
3/3/20 4:00,,
3/3/20 4:10,,
3/3/20 4:20,,
3/3/20 4:29,,
3/3/20 4:40,,
3/3/20 4:50,,
3/3/20 5:00,,
3/3/20 5:10,,
3/3/20 5:20,,
3/3/20 5:30,,
3/3/20 5:39,,
3/3/20 5:50,,
3/3/20 6:00,,
3/3/20 6:10,,
3/3/20 6:20,,
3/3/20 6:30,,
3/3/20 6:40,,
3/3/20 6:49,,
3/3/20 7:00,,
3/3/20 7:10,,
3/3/20 7:20,,
3/3/20 7:30,,
3/3/20 7:40,,
3/3/20 7:50,,
3/3/20 7:59,,
3/3/20 8:10,,
3/3/20 8:20,,
3/3/20 8:30,,
3/3/20 8:40,,
3/3/20 8:50,,
3/3/20 9:00,,
3/3/20 9:10,,
3/3/20 9:20,,
3/3/20 9:30,,
3/3/20 9:40,,
3/3/20 9:50,,
3/3/20 10:00,,
3/3/20 10:10,,
3/3/20 10:20,,
3/3/20 10:29,,
3/3/20 10:40,,
3/3/20 10:50,,
3/3/20 11:00,,
3/3/20 11:10,,
3/3/20 11:20,,
3/3/20 11:30,,
3/3/20 11:39,,
3/3/20 11:50,,
3/3/20 12:00,,
3/3/20 12:10,,
3/3/20 12:20,,
3/3/20 12:30,,
3/3/20 12:40,,
3/3/20 12:49,,
3/3/20 13:00,,
3/3/20 13:10,,
3/3/20 13:20,,
3/3/20 13:30,,
3/3/20 13:40,,
3/3/20 13:50,,
3/3/20 13:59,,
3/3/20 14:10,,
3/3/20 14:20,,
3/3/20 14:30,,
3/3/20 14:40,,
3/3/20 14:50,,
3/3/20 15:00,,
3/3/20 15:10,,
3/3/20 15:20,,
3/3/20 15:30,,
3/3/20 15:40,,
3/3/20 15:50,,
3/3/20 16:00,,
3/3/20 16:09,,
3/3/20 16:20,,
3/3/20 16:30,,
3/3/20 16:40,,
3/3/20 16:50,,
3/3/20 17:00,,
3/3/20 17:10,,
3/3/20 17:19,,
3/3/20 17:30,,
3/3/20 17:40,,
3/3/20 17:50,,
3/3/20 18:00,,
3/3/20 18:10,,
3/3/20 18:20,,
3/3/20 18:29,,
3/3/20 18:40,,
3/3/20 18:50,,
3/3/20 19:00,,
3/3/20 19:10,,
3/3/20 19:20,,
3/3/20 19:30,,
3/3/20 19:39,,
3/3/20 19:50,,
3/3/20 20:00,,
3/3/20 20:10,,
3/3/20 20:20,,
3/3/20 20:30,,
3/3/20 20:40,,
3/3/20 20:49,,
3/3/20 21:00,,
3/3/20 21:10,,
3/3/20 21:20,,
3/3/20 21:30,,
3/3/20 21:40,,
3/3/20 21:50,,
3/3/20 21:59,,
3/3/20 22:10,,
3/3/20 22:20,,
3/3/20 22:30,,
3/3/20 22:40,,
3/3/20 22:50,,
3/3/20 23:00,,
3/3/20 23:09,,
3/3/20 23:20,,
3/3/20 23:30,,
3/3/20 23:40,,
3/3/20 23:50,,
3/4/20 0:00,,
3/4/20 0:10,,
3/4/20 0:19,,
3/4/20 0:30,,
3/4/20 0:40,,
3/4/20 0:50,,
3/4/20 1:00,,
3/4/20 1:10,,
3/4/20 1:20,,
3/4/20 1:30,,
3/4/20 1:40,,
3/4/20 1:50,,
3/4/20 2:00,,
3/4/20 2:10,,
3/4/20 2:20,,
3/4/20 2:30,,
3/4/20 2:40,,
3/4/20 2:50,,
3/4/20 3:00,,
3/4/20 3:10,,
3/4/20 3:20,,
3/4/20 3:30,,
3/4/20 3:40,,
3/4/20 3:50,,
3/4/20 4:00,,
3/4/20 4:10,,
3/4/20 4:20,,
3/4/20 4:30,,
3/4/20 4:40,,
3/4/20 4:50,,
3/4/20 5:00,,
3/4/20 5:09,,
3/4/20 5:20,,
3/4/20 5:30,,
3/4/20 5:40,,
3/4/20 5:50,,
3/4/20 6:00,,
3/4/20 6:10,,
3/4/20 6:19,,
3/4/20 6:30,,
3/4/20 6:40,,
3/4/20 6:50,,
3/4/20 7:00,,
3/4/20 7:10,,
3/4/20 7:20,,
3/4/20 7:30,,
3/4/20 7:40,,
3/4/20 7:50,,
3/4/20 8:00,,
3/4/20 8:10,,
3/4/20 8:20,,
3/4/20 8:30,,
3/4/20 8:40,,
3/4/20 8:50,,
3/4/20 9:00,,
3/4/20 9:10,,
3/4/20 9:20,,
3/4/20 9:30,,
3/4/20 9:40,,
3/4/20 9:50,,
3/4/20 10:00,,
3/4/20 10:10,,
3/4/20 10:20,,
3/4/20 10:30,,
3/4/20 10:40,,
3/4/20 10:50,,
3/4/20 10:59,,
3/4/20 11:10,,
3/4/20 11:20,,
3/4/20 11:30,,
3/4/20 11:40,,
3/4/20 11:50,,
3/4/20 12:00,,
3/4/20 12:09,,
3/4/20 12:20,,
3/4/20 12:30,,
3/4/20 12:40,,
3/4/20 12:50,,
3/4/20 13:00,,
3/4/20 13:10,,
3/4/20 13:19,,
3/4/20 13:30,,
3/4/20 13:40,,
3/4/20 13:50,,
3/4/20 14:00,,
3/4/20 14:10,,
3/4/20 14:20,,
3/4/20 14:30,,
3/4/20 14:40,,
3/4/20 14:50,,
3/4/20 15:00,,
3/4/20 15:10,,
3/4/20 15:20,,
3/4/20 15:30,,
3/4/20 15:40,,
3/4/20 15:50,,
3/4/20 16:00,,
3/4/20 16:10,,
3/4/20 16:20,,
3/4/20 16:30,,
3/4/20 16:40,,
3/4/20 16:49,,
3/4/20 17:00,,
3/4/20 17:10,,
3/4/20 17:20,,
3/4/20 17:30,,
3/4/20 17:40,,
3/4/20 17:50,,
3/4/20 18:00,,
3/4/20 18:10,,
3/4/20 18:20,,
3/4/20 18:30,,
3/4/20 18:40,,
3/4/20 18:50,,
3/4/20 19:00,,
3/4/20 19:10,,
3/4/20 19:20,,
3/4/20 19:30,,
3/4/20 19:40,,
3/4/20 19:50,,
3/4/20 20:00,,
3/4/20 20:10,,
3/4/20 20:20,,
3/4/20 20:30,,
3/4/20 20:40,,
3/4/20 20:50,,
3/4/20 21:00,,
3/4/20 21:10,,
3/4/20 21:20,,
3/4/20 21:30,,
3/4/20 21:40,,
3/4/20 21:50,,
3/4/20 22:00,,
3/4/20 22:10,,
3/4/20 22:20,,
3/4/20 22:30,,
3/4/20 22:39,,
3/4/20 22:50,,
3/4/20 23:00,,
3/4/20 23:10,,
3/4/20 23:20,,
3/4/20 23:30,,
3/4/20 23:40,,
3/4/20 23:49,,
3/5/20 0:00,,
3/5/20 0:10,,
3/5/20 0:20,,
3/5/20 0:30,,
3/5/20 0:40,,
3/5/20 0:50,,
3/5/20 1:00,,
3/5/20 1:10,,
3/5/20 1:20,,
3/5/20 1:30,,
3/5/20 1:40,,
3/5/20 1:50,,
3/5/20 2:00,,
3/5/20 2:09,,
3/5/20 2:20,,
3/5/20 2:30,,
3/5/20 2:40,,
3/5/20 2:50,,
3/5/20 3:00,,
3/5/20 3:10,,
3/5/20 3:19,,
3/5/20 3:30,,
3/5/20 3:40,,
3/5/20 3:50,,
3/5/20 4:00,,
3/5/20 4:10,,
3/5/20 4:20,,
3/5/20 4:29,,
3/5/20 4:40,,
3/5/20 4:50,,
3/5/20 5:00,,
3/5/20 5:10,,
3/5/20 5:20,,
3/5/20 5:30,,
3/5/20 5:40,,
3/5/20 5:50,,
3/5/20 6:00,,
3/5/20 6:10,,
3/5/20 6:20,,
3/5/20 6:30,,
3/5/20 6:40,,
3/5/20 6:50,,
3/5/20 7:00,,
3/5/20 7:10,,
3/5/20 7:20,,
3/5/20 7:30,,
3/5/20 7:40,,
3/5/20 7:50,,
3/5/20 8:00,,
3/5/20 8:10,,
3/5/20 8:20,,
3/5/20 8:30,,
3/5/20 8:40,,
3/5/20 8:50,,
3/5/20 9:00,,
3/5/20 9:10,,
3/5/20 9:20,,
3/5/20 9:30,,
3/5/20 9:40,,
3/5/20 9:50,,
3/5/20 10:00,,
3/5/20 10:10,,
3/5/20 10:20,,
3/5/20 10:29,,
3/5/20 10:40,,
3/5/20 10:50,,
3/5/20 11:00,,
3/5/20 11:10,,
3/5/20 11:20,,
3/5/20 11:30,,
3/5/20 11:40,,
3/5/20 11:50,,
3/5/20 12:00,,
3/5/20 12:10,,
3/5/20 12:20,,
3/5/20 12:30,,
3/5/20 12:40,,
3/5/20 12:50,,
3/5/20 13:00,,
3/5/20 13:10,,
3/5/20 13:20,,
3/5/20 13:30,,
3/5/20 13:40,,
3/5/20 13:50,,
3/5/20 14:00,,
3/5/20 14:10,,
3/5/20 14:20,,
3/5/20 14:30,,
3/5/20 14:40,,
3/5/20 14:50,,
3/5/20 15:00,,
3/5/20 15:10,,
3/5/20 15:20,,
3/5/20 15:30,,
3/5/20 15:40,,
3/5/20 15:50,,
3/5/20 16:00,,
3/5/20 16:10,,
3/5/20 16:20,,
3/5/20 16:30,,
3/5/20 16:40,,
3/5/20 16:50,,
3/5/20 17:00,,
3/5/20 17:10,,
3/5/20 17:20,,
3/5/20 17:30,,
3/5/20 17:40,,
3/5/20 17:50,,
3/5/20 18:00,,
3/5/20 18:10,,
3/5/20 18:20,,
3/5/20 18:30,,
3/5/20 18:40,,
3/5/20 18:50,,
3/5/20 19:00,,
3/5/20 19:10,,
3/5/20 19:20,,
3/5/20 19:30,,
3/5/20 19:40,,
3/5/20 19:50,,
3/5/20 20:00,,
3/5/20 20:10,,
3/5/20 20:20,,
3/5/20 20:30,,
3/5/20 20:40,,
3/5/20 20:50,,
3/5/20 21:00,,
3/5/20 21:10,,
3/5/20 21:20,,
3/5/20 21:30,,
3/5/20 21:40,,
3/5/20 21:50,,
3/5/20 22:00,,
3/5/20 22:10,,
3/5/20 22:20,,
3/5/20 22:30,,
3/5/20 22:40,,
3/5/20 22:50,,
3/5/20 23:00,,
3/5/20 23:10,,
3/5/20 23:20,,
3/5/20 23:30,,
3/5/20 23:40,,
3/5/20 23:50,,
3/6/20 0:00,,
3/6/20 0:10,,
3/6/20 0:20,,
3/6/20 0:30,,
3/6/20 0:41,,
3/6/20 0:50,,
3/6/20 1:00,,
3/6/20 1:10,,
3/6/20 1:20,,
3/6/20 1:30,,
3/6/20 1:40,,
3/6/20 1:51,,
3/6/20 2:00,,
3/6/20 2:10,,
3/6/20 2:20,,
3/6/20 2:30,,
3/6/20 2:40,,
3/6/20 2:50,,
3/6/20 3:01,,
3/6/20 3:10,,
3/6/20 3:20,,
3/6/20 3:30,,
3/6/20 3:40,,
3/6/20 3:50,,
3/6/20 4:00,,
3/6/20 4:11,,
3/6/20 4:20,,
3/6/20 4:30,,
3/6/20 4:40,,
3/6/20 4:50,,
3/6/20 5:00,,
3/6/20 5:10,,
3/6/20 5:21,,
3/6/20 5:30,,
3/6/20 5:40,,
3/6/20 5:50,,
3/6/20 6:00,,
3/6/20 6:10,,
3/6/20 6:20,,
3/6/20 6:30,,
3/6/20 6:40,,
3/6/20 6:50,,
3/6/20 7:00,,
3/6/20 7:10,,
3/6/20 7:20,,
3/6/20 7:30,,
3/6/20 7:41,,
3/6/20 7:50,,
3/6/20 8:00,,
3/6/20 8:10,,
3/6/20 8:20,,
3/6/20 8:30,,
3/6/20 8:40,,
3/6/20 8:51,,
3/6/20 9:00,,
3/6/20 9:10,,
3/6/20 9:20,,
3/6/20 9:30,,
3/6/20 9:40,,
3/6/20 9:50,,
3/6/20 10:00,,
3/6/20 10:10,,
3/6/20 10:20,,
3/6/20 10:30,,
3/6/20 10:40,,
3/6/20 10:50,,
3/6/20 11:00,,
3/6/20 11:10,,
3/6/20 11:20,,
3/6/20 11:30,,
3/6/20 11:40,,
3/6/20 11:50,,
3/6/20 12:00,,
3/6/20 12:10,,
3/6/20 12:20,,
3/6/20 12:30,,
3/6/20 12:40,,
3/6/20 12:50,,
3/6/20 13:00,,
3/6/20 13:10,,
3/6/20 13:20,,
3/6/20 13:31,,
3/6/20 13:40,,
3/6/20 13:50,,
3/6/20 14:00,,
3/6/20 14:10,,
3/6/20 14:20,,
3/6/20 14:30,,
3/6/20 14:41,,
3/6/20 14:50,,
3/6/20 15:00,,
3/6/20 15:10,,
3/6/20 15:20,,
3/6/20 15:30,,
3/6/20 15:40,,
3/6/20 15:50,,
3/6/20 16:00,,
3/6/20 16:10,,
3/6/20 16:20,,
3/6/20 16:30,,
3/6/20 16:40,,
3/6/20 16:50,,
3/6/20 17:01,,
3/6/20 17:10,,
3/6/20 17:20,,
3/6/20 17:30,,
3/6/20 17:40,,
3/6/20 17:50,,
3/6/20 18:00,,
3/6/20 18:11,,
3/6/20 18:20,,
3/6/20 18:30,,
3/6/20 18:40,,
3/6/20 18:50,,
3/6/20 19:00,,
3/6/20 19:10,,
3/6/20 19:21,,
3/6/20 19:30,,
3/6/20 19:40,,
3/6/20 19:50,,
3/6/20 20:01,,
3/6/20 20:10,,
3/6/20 20:20,,
3/6/20 20:30,,
3/6/20 20:40,,
3/6/20 20:50,,
3/6/20 21:00,,
3/6/20 21:10,,
3/6/20 21:20,,
3/6/20 21:30,,
3/6/20 21:40,,
3/6/20 21:50,,
3/6/20 22:00,,
3/6/20 22:11,,
3/6/20 22:20,,
3/6/20 22:30,,
3/6/20 22:40,,
3/6/20 22:50,,
3/6/20 23:00,,
3/6/20 23:10,,
3/6/20 23:20,,
3/6/20 23:30,,
3/6/20 23:40,,
3/6/20 23:50,,
3/7/20 0:00,,
3/7/20 0:10,,
3/7/20 0:20,,
3/7/20 0:30,,
3/7/20 0:40,,
3/7/20 0:50,,
3/7/20 1:00,,
3/7/20 1:10,,
3/7/20 1:20,,
3/7/20 1:30,,
3/7/20 1:40,,
3/7/20 1:50,,
3/7/20 2:00,,
3/7/20 2:10,,
3/7/20 2:20,,
3/7/20 2:31,,
3/7/20 2:40,,
3/7/20 2:50,,
3/7/20 3:00,,
3/7/20 3:10,,
3/7/20 3:20,,
3/7/20 3:30,,
3/7/20 3:40,,
3/7/20 3:50,,
3/7/20 4:00,,
3/7/20 4:10,,
3/7/20 4:20,,
3/7/20 4:30,,
3/7/20 4:41,,
3/7/20 4:50,,