Time (UTC),Machines > Lathe 1 > MIB > X-Axial > Damage Accumulation,Machines > Lathe 1 > MIB > Y-Vertical > Damage Accumulation
2/29/20 5:06,,
2/29/20 5:16,,
2/29/20 5:26,,
2/29/20 5:36,,
2/29/20 5:46,,
2/29/20 5:56,,
2/29/20 6:07,,
2/29/20 6:17,,
2/29/20 6:26,,
2/29/20 6:36,,
2/29/20 6:46,,
2/29/20 6:56,,
2/29/20 7:06,,
2/29/20 7:17,,
2/29/20 7:27,,
2/29/20 7:36,,
2/29/20 7:46,,
2/29/20 7:56,,
2/29/20 8:06,,
2/29/20 8:16,,
2/29/20 8:27,,
2/29/20 8:37,,
2/29/20 8:46,,
2/29/20 8:56,,
2/29/20 9:06,,
2/29/20 9:16,,
2/29/20 9:26,,
2/29/20 9:37,,
2/29/20 9:47,,
2/29/20 9:56,,
2/29/20 10:06,,
2/29/20 10:16,,
2/29/20 10:26,,
2/29/20 10:36,,
2/29/20 10:47,,
2/29/20 10:57,,
2/29/20 11:06,,
2/29/20 11:16,,
2/29/20 11:26,,
2/29/20 11:36,,
2/29/20 11:46,,
2/29/20 11:57,,
2/29/20 12:07,,
2/29/20 12:16,,
2/29/20 12:26,,
2/29/20 12:36,,
2/29/20 12:46,,
2/29/20 12:56,,
2/29/20 13:07,,
2/29/20 13:17,,
2/29/20 13:26,,
2/29/20 13:36,,
2/29/20 13:46,,
2/29/20 13:56,,
2/29/20 14:06,,
2/29/20 14:17,,
2/29/20 14:27,,
2/29/20 14:36,,
2/29/20 14:46,,
2/29/20 14:56,,
2/29/20 15:06,,
2/29/20 15:16,,
2/29/20 15:27,,
2/29/20 15:37,,
2/29/20 15:46,,
2/29/20 15:56,,
2/29/20 16:06,,
2/29/20 16:16,,
2/29/20 16:26,,
2/29/20 16:37,,
2/29/20 16:47,,
2/29/20 16:56,,
2/29/20 17:06,,
2/29/20 17:16,,
2/29/20 17:26,,
2/29/20 17:36,,
2/29/20 17:46,,
2/29/20 17:57,,
2/29/20 18:07,,
2/29/20 18:16,,
2/29/20 18:26,,
2/29/20 18:36,,
2/29/20 18:46,,
2/29/20 18:56,,
2/29/20 19:07,,
2/29/20 19:17,,
2/29/20 19:26,,
2/29/20 19:36,,
2/29/20 19:46,,
2/29/20 19:56,,
2/29/20 20:06,,
2/29/20 20:17,,
2/29/20 20:27,,
2/29/20 20:36,,
2/29/20 20:46,,
2/29/20 20:56,,
2/29/20 21:06,,
2/29/20 21:16,,
2/29/20 21:27,,
2/29/20 21:37,,
2/29/20 21:46,,
2/29/20 21:56,,
2/29/20 22:06,,
2/29/20 22:16,,
2/29/20 22:26,,
2/29/20 22:37,,
2/29/20 22:47,,
2/29/20 22:56,,
2/29/20 23:06,,
2/29/20 23:16,,
2/29/20 23:26,,
2/29/20 23:36,,
2/29/20 23:47,,
2/29/20 23:57,,
3/1/20 0:06,,
3/1/20 0:16,,
3/1/20 0:26,,
3/1/20 0:36,,
3/1/20 0:46,,
3/1/20 0:57,,
3/1/20 1:06,,
3/1/20 1:16,,
3/1/20 1:26,,
3/1/20 1:36,,
3/1/20 1:46,,
3/1/20 1:57,,
3/1/20 2:07,,
3/1/20 2:16,,
3/1/20 2:26,,
3/1/20 2:36,,
3/1/20 2:46,,
3/1/20 2:56,,
3/1/20 3:06,,
3/1/20 3:17,,
3/1/20 3:27,,
3/1/20 3:36,,
3/1/20 3:46,,
3/1/20 3:56,,
3/1/20 4:06,,
3/1/20 4:16,,
3/1/20 4:27,,
3/1/20 4:37,,
3/1/20 4:46,,
3/1/20 4:56,,
3/1/20 5:06,,
3/1/20 5:16,,
3/1/20 5:26,,
3/1/20 5:37,,
3/1/20 5:47,,
3/1/20 5:56,,
3/1/20 6:06,,
3/1/20 6:16,,
3/1/20 6:26,,
3/1/20 6:36,,
3/1/20 6:47,,
3/1/20 6:57,,
3/1/20 7:06,,
3/1/20 7:16,,
3/1/20 7:26,,
3/1/20 7:36,,
3/1/20 7:46,,
3/1/20 7:57,,
3/1/20 8:07,,
3/1/20 8:16,,
3/1/20 8:26,,
3/1/20 8:36,,
3/1/20 8:46,,
3/1/20 8:56,,
3/1/20 9:06,,
3/1/20 9:17,,
3/1/20 9:27,,
3/1/20 9:36,,
3/1/20 9:46,,
3/1/20 9:56,,
3/1/20 10:06,,
3/1/20 10:17,,
3/1/20 10:27,,
3/1/20 10:37,,
3/1/20 10:46,,
3/1/20 10:56,,
3/1/20 11:06,,
3/1/20 11:16,,
3/1/20 11:26,,
3/1/20 11:37,,
3/1/20 11:47,,
3/1/20 11:56,,
3/1/20 12:06,,
3/1/20 12:16,,
3/1/20 12:26,,
3/1/20 12:36,,
3/1/20 12:47,,
3/1/20 12:57,,
3/1/20 13:06,,
3/1/20 13:16,,
3/1/20 13:26,,
3/1/20 13:36,,
3/1/20 13:46,,
3/1/20 13:57,,
3/1/20 14:07,,
3/1/20 14:16,,
3/1/20 14:26,,
3/1/20 14:36,,
3/1/20 14:46,,
3/1/20 14:56,,
3/1/20 15:07,,
3/1/20 15:17,,
3/1/20 15:26,,
3/1/20 15:36,,
3/1/20 15:46,,
3/1/20 15:56,,
3/1/20 16:06,,
3/1/20 16:17,,
3/1/20 16:27,,
3/1/20 16:36,,
3/1/20 16:46,,
3/1/20 16:56,,
3/1/20 17:06,,
3/1/20 17:16,,
3/1/20 17:27,,
3/1/20 17:37,,
3/1/20 17:46,,
3/1/20 17:56,,
3/1/20 18:06,,
3/1/20 18:16,,
3/1/20 18:26,,
3/1/20 18:37,,
3/1/20 18:47,,
3/1/20 18:56,,
3/1/20 19:06,,
3/1/20 19:16,,
3/1/20 19:26,,
3/1/20 19:36,,
3/1/20 19:47,,
3/1/20 19:57,,
3/1/20 20:07,,
3/1/20 20:16,,
3/1/20 20:26,,
3/1/20 20:36,,
3/1/20 20:46,,
3/1/20 20:57,,
3/1/20 21:07,,
3/1/20 21:16,,
3/1/20 21:26,,
3/1/20 21:36,,
3/1/20 21:46,,
3/1/20 21:56,,
3/1/20 22:07,,
3/1/20 22:17,,
3/1/20 22:27,,
3/1/20 22:36,,
3/1/20 22:46,,
3/1/20 22:56,,
3/1/20 23:06,,
3/1/20 23:17,,
3/1/20 23:27,,
3/1/20 23:37,,
3/1/20 23:46,,
3/1/20 23:56,,
3/2/20 0:06,,
3/2/20 0:16,,
3/2/20 0:27,,
3/2/20 0:37,,
3/2/20 0:46,,
3/2/20 0:56,,
3/2/20 1:06,,
3/2/20 1:16,,
3/2/20 1:26,,
3/2/20 1:37,,
3/2/20 1:47,,
3/2/20 1:56,,
3/2/20 2:06,,
3/2/20 2:16,,
3/2/20 2:26,,
3/2/20 2:36,,
3/2/20 2:47,,
3/2/20 2:57,,
3/2/20 3:06,,
3/2/20 3:16,,
3/2/20 3:26,,
3/2/20 3:36,,
3/2/20 3:46,,
3/2/20 3:57,,
3/2/20 4:07,,
3/2/20 4:16,,
3/2/20 4:26,,
3/2/20 4:36,,
3/2/20 4:46,,
3/2/20 4:56,,
3/2/20 5:07,,
3/2/20 5:17,,
3/2/20 5:26,,
3/2/20 5:36,,
3/2/20 5:46,,
3/2/20 5:56,,
3/2/20 6:06,,
3/2/20 6:17,,
3/2/20 6:27,,
3/2/20 6:36,,
3/2/20 6:46,,
3/2/20 6:56,,
3/2/20 7:06,,
3/2/20 7:16,,
3/2/20 7:27,,
3/2/20 7:37,,
3/2/20 7:46,,
3/2/20 7:56,,
3/2/20 8:06,,
3/2/20 8:16,,
3/2/20 8:26,,
3/2/20 8:37,,
3/2/20 8:47,,
3/2/20 8:57,,
3/2/20 9:06,,
3/2/20 9:16,,
3/2/20 9:26,,
3/2/20 9:36,,
3/2/20 9:47,,
3/2/20 9:57,,
3/2/20 10:07,,
3/2/20 10:16,,
3/2/20 10:26,,
3/2/20 10:36,,
3/2/20 10:46,,
3/2/20 10:56,,
3/2/20 11:07,,
3/2/20 11:17,,
3/2/20 11:26,,
3/2/20 11:36,,
3/2/20 11:46,,
3/2/20 11:56,,
3/2/20 12:06,,
3/2/20 12:17,,
3/2/20 12:27,,
3/2/20 12:36,,
3/2/20 12:46,,
3/2/20 12:56,,
3/2/20 13:06,,
3/2/20 13:16,,
3/2/20 13:27,,
3/2/20 13:37,,
3/2/20 13:46,,
3/2/20 13:56,,
3/2/20 14:06,,
3/2/20 14:16,,
3/2/20 14:26,,
3/2/20 14:37,,
3/2/20 14:47,,
3/2/20 14:56,,
3/2/20 15:06,,
3/2/20 15:16,,
3/2/20 15:26,,
3/2/20 15:36,,
3/2/20 15:47,,
3/2/20 15:57,,
3/2/20 16:07,,
3/2/20 16:16,,
3/2/20 16:26,,
3/2/20 16:36,,
3/2/20 16:46,,
3/2/20 16:57,,
3/2/20 17:07,,
3/2/20 17:17,,
3/2/20 17:26,,
3/2/20 17:36,,
3/2/20 17:46,,
3/2/20 17:56,,
3/2/20 18:07,,
3/2/20 18:17,,
3/2/20 18:27,,
3/2/20 18:36,,
3/2/20 18:46,,
3/2/20 18:56,,
3/2/20 19:06,,
3/2/20 19:17,,
3/2/20 19:27,,
3/2/20 19:37,,
3/2/20 19:46,,
3/2/20 19:56,,
3/2/20 20:06,,
3/2/20 20:16,,
3/2/20 20:27,,
3/2/20 20:37,,
3/2/20 20:47,,
3/2/20 20:56,,
3/2/20 21:06,,
3/2/20 21:16,,
3/2/20 21:26,,
3/2/20 21:37,,
3/2/20 21:47,,
3/2/20 21:57,,
3/2/20 22:06,,
3/2/20 22:16,,
3/2/20 22:26,,
3/2/20 22:36,,
3/2/20 22:47,,
3/2/20 22:57,,
3/2/20 23:07,,
3/2/20 23:16,,
3/2/20 23:26,,
3/2/20 23:36,,
3/2/20 23:46,,
3/2/20 23:57,,
3/3/20 0:07,,
3/3/20 0:17,,
3/3/20 0:27,,
3/3/20 0:36,,
3/3/20 0:46,,
3/3/20 0:56,,
3/3/20 1:07,,
3/3/20 1:17,,
3/3/20 1:27,,
3/3/20 1:37,,
3/3/20 1:46,,
3/3/20 1:56,,
3/3/20 2:06,,
3/3/20 2:17,,
3/3/20 2:27,,
3/3/20 2:37,,
3/3/20 2:47,,
3/3/20 2:56,,
3/3/20 3:06,,
3/3/20 3:16,,
3/3/20 3:27,,
3/3/20 3:37,,
3/3/20 3:47,,
3/3/20 3:57,,
3/3/20 4:06,,
3/3/20 4:16,,
3/3/20 4:26,,
3/3/20 4:37,,
3/3/20 4:47,,
3/3/20 4:57,,
3/3/20 5:07,,
3/3/20 5:16,,
3/3/20 5:26,,
3/3/20 5:36,,
3/3/20 5:47,,
3/3/20 5:57,,
3/3/20 6:07,,
3/3/20 6:17,,
3/3/20 6:26,,
3/3/20 6:36,,
3/3/20 6:46,,
3/3/20 6:57,,
3/3/20 7:07,,
3/3/20 7:17,,
3/3/20 7:27,,
3/3/20 7:36,,
3/3/20 7:46,,
3/3/20 7:56,,
3/3/20 8:06,,
3/3/20 8:17,,
3/3/20 8:27,,
3/3/20 8:37,,
3/3/20 8:47,,
3/3/20 8:56,,
3/3/20 9:06,,
3/3/20 9:16,,
3/3/20 9:27,,
3/3/20 9:37,,
3/3/20 9:47,,
3/3/20 9:57,,
3/3/20 10:06,,
3/3/20 10:16,,
3/3/20 10:26,,
3/3/20 10:37,,
3/3/20 10:47,,
3/3/20 10:57,,
3/3/20 11:07,,
3/3/20 11:16,,
3/3/20 11:26,,
3/3/20 11:36,,
3/3/20 11:47,,
3/3/20 11:57,,
3/3/20 12:07,,
3/3/20 12:17,,
3/3/20 12:26,,
3/3/20 12:36,,
3/3/20 12:46,,
3/3/20 12:57,,
3/3/20 13:07,,
3/3/20 13:17,,
3/3/20 13:27,,
3/3/20 13:36,,
3/3/20 13:46,,
3/3/20 13:56,,
3/3/20 14:07,,
3/3/20 14:17,,
3/3/20 14:27,,
3/3/20 14:37,,
3/3/20 14:46,,
3/3/20 14:56,,
3/3/20 15:06,,
3/3/20 15:17,,
3/3/20 15:27,,
3/3/20 15:37,,
3/3/20 15:47,,
3/3/20 15:56,,
3/3/20 16:06,,
3/3/20 16:17,,
3/3/20 16:27,,
3/3/20 16:37,,
3/3/20 16:47,,
3/3/20 16:57,,
3/3/20 17:06,,
3/3/20 17:16,,
3/3/20 17:27,,
3/3/20 17:37,,
3/3/20 17:47,,
3/3/20 17:57,,
3/3/20 18:07,,
3/3/20 18:16,,
3/3/20 18:26,,
3/3/20 18:37,,
3/3/20 18:47,,
3/3/20 18:57,,
3/3/20 19:07,,
3/3/20 19:17,,
3/3/20 19:26,,
3/3/20 19:36,,
3/3/20 19:47,,
3/3/20 19:57,,
3/3/20 20:07,,
3/3/20 20:17,,
3/3/20 20:27,,
3/3/20 20:36,,
3/3/20 20:46,,
3/3/20 20:57,,
3/3/20 21:07,,
3/3/20 21:17,,
3/3/20 21:27,,
3/3/20 21:37,,
3/3/20 21:46,,
3/3/20 21:56,,
3/3/20 22:07,,
3/3/20 22:17,,
3/3/20 22:27,,
3/3/20 22:37,,
3/3/20 22:47,,
3/3/20 22:56,,
3/3/20 23:06,,
3/3/20 23:17,,
3/3/20 23:27,,
3/3/20 23:37,,
3/3/20 23:47,,
3/3/20 23:57,,
3/4/20 0:07,,
3/4/20 0:16,,
3/4/20 0:27,,
3/4/20 0:37,,
3/4/20 0:47,,
3/4/20 0:57,,
3/4/20 1:07,,
3/4/20 1:17,,
3/4/20 1:26,,
3/4/20 1:37,,
3/4/20 1:47,,
3/4/20 1:57,,
3/4/20 2:07,,
3/4/20 2:17,,
3/4/20 2:27,,
3/4/20 2:36,,
3/4/20 2:47,,
3/4/20 2:57,,
3/4/20 3:07,,
3/4/20 3:17,,
3/4/20 3:27,,
3/4/20 3:37,,
3/4/20 3:46,,
3/4/20 3:56,,
3/4/20 4:07,,
3/4/20 4:17,,
3/4/20 4:27,,
3/4/20 4:37,,
3/4/20 4:47,,
3/4/20 4:56,,
3/4/20 5:06,,
3/4/20 5:17,,
3/4/20 5:27,,
3/4/20 5:37,,
3/4/20 5:47,,
3/4/20 5:57,,
3/4/20 6:06,,
3/4/20 6:16,,
3/4/20 6:27,,
3/4/20 6:37,,
3/4/20 6:47,,
3/4/20 6:57,,
3/4/20 7:07,,
3/4/20 7:16,,
3/4/20 7:27,,
3/4/20 7:37,,
3/4/20 7:47,,
3/4/20 7:57,,
3/4/20 8:07,,
3/4/20 8:17,,
3/4/20 8:26,,
3/4/20 8:36,,
3/4/20 8:47,,
3/4/20 8:57,,
3/4/20 9:07,,
3/4/20 9:17,,
3/4/20 9:27,,
3/4/20 9:36,,
3/4/20 9:46,,
3/4/20 9:57,,
3/4/20 10:07,,
3/4/20 10:17,,
3/4/20 10:27,,
3/4/20 10:37,,
3/4/20 10:46,,
3/4/20 10:56,,
3/4/20 11:07,,
3/4/20 11:17,,
3/4/20 11:27,,
3/4/20 11:37,,
3/4/20 11:47,,
3/4/20 11:57,,
3/4/20 12:06,,
3/4/20 12:17,,
3/4/20 12:27,,
3/4/20 12:37,,
3/4/20 12:47,,
3/4/20 12:57,,
3/4/20 13:07,,
3/4/20 13:16,,
3/4/20 13:27,,
3/4/20 13:37,,
3/4/20 13:47,,
3/4/20 13:57,,
3/4/20 14:07,,
3/4/20 14:17,,
3/4/20 14:26,,
3/4/20 14:37,,
3/4/20 14:47,,
3/4/20 14:57,,
3/4/20 15:07,,
3/4/20 15:17,,
3/4/20 15:27,,
3/4/20 15:36,,
3/4/20 15:47,,
3/4/20 15:57,,
3/4/20 16:07,,
3/4/20 16:17,,
3/4/20 16:27,,
3/4/20 16:37,,
3/4/20 16:46,,
3/4/20 16:57,,
3/4/20 17:07,,
3/4/20 17:17,,
3/4/20 17:27,,
3/4/20 17:37,,
3/4/20 17:47,,
3/4/20 17:56,,
3/4/20 18:07,,
3/4/20 18:17,,
3/4/20 18:27,,
3/4/20 18:37,,
3/4/20 18:47,,
3/4/20 18:57,,
3/4/20 19:06,,
3/4/20 19:16,,
3/4/20 19:27,,
3/4/20 19:37,,
3/4/20 19:47,,
3/4/20 19:57,,
3/4/20 20:07,,
3/4/20 20:16,,
3/4/20 20:27,,
3/4/20 20:37,,
3/4/20 20:47,,
3/4/20 20:57,,
3/4/20 21:07,,
3/4/20 21:17,,
3/4/20 21:26,,
3/4/20 21:37,,
3/4/20 21:47,,
3/4/20 21:57,,
3/4/20 22:07,,
3/4/20 22:17,,
3/4/20 22:27,,
3/4/20 22:36,,
3/4/20 22:47,,
3/4/20 22:57,,
3/4/20 23:07,,
3/4/20 23:17,,
3/4/20 23:27,,
3/4/20 23:37,,
3/4/20 23:46,,
3/4/20 23:57,,
3/5/20 0:07,,
3/5/20 0:17,,
3/5/20 0:27,,
3/5/20 0:37,,
3/5/20 0:47,,
3/5/20 0:56,,
3/5/20 1:07,,
3/5/20 1:17,,
3/5/20 1:27,,
3/5/20 1:37,,
3/5/20 1:47,,
3/5/20 1:57,,
3/5/20 2:06,,
3/5/20 2:17,,
3/5/20 2:27,,
3/5/20 2:37,,
3/5/20 2:47,,
3/5/20 2:57,,
3/5/20 3:07,,
3/5/20 3:16,,
3/5/20 3:27,,
3/5/20 3:37,,
3/5/20 3:47,,
3/5/20 3:57,,
3/5/20 4:07,,
3/5/20 4:17,,
3/5/20 4:26,,
3/5/20 4:37,,
3/5/20 4:47,,
3/5/20 4:57,,
3/5/20 5:07,,
3/5/20 5:17,,
3/5/20 5:27,,
3/5/20 5:36,,
3/5/20 5:47,,
3/5/20 5:57,,
3/5/20 6:07,,
3/5/20 6:17,,
3/5/20 6:27,,
3/5/20 6:37,,
3/5/20 6:46,,
3/5/20 6:57,,
3/5/20 7:07,,
3/5/20 7:17,,
3/5/20 7:27,,
3/5/20 7:37,,
3/5/20 7:47,,
3/5/20 7:56,,
3/5/20 8:07,,
3/5/20 8:17,,
3/5/20 8:27,,
3/5/20 8:37,,
3/5/20 8:47,,
3/5/20 8:57,,
3/5/20 9:07,,
3/5/20 9:17,,
3/5/20 9:27,,
3/5/20 9:37,,
3/5/20 9:47,,
3/5/20 9:57,,
3/5/20 10:07,,
3/5/20 10:17,,
3/5/20 10:26,,
3/5/20 10:37,,
3/5/20 10:47,,
3/5/20 10:57,,
3/5/20 11:07,,
3/5/20 11:17,,
3/5/20 11:27,,
3/5/20 11:36,,
3/5/20 11:47,,
3/5/20 11:57,,
3/5/20 12:07,,
3/5/20 12:17,,
3/5/20 12:27,,
3/5/20 12:37,,
3/5/20 12:46,,
3/5/20 12:57,,
3/5/20 13:07,,
3/5/20 13:17,,
3/5/20 13:27,,
3/5/20 13:37,,
3/5/20 13:47,,
3/5/20 13:56,,
3/5/20 14:07,,
3/5/20 14:17,,
3/5/20 14:27,,
3/5/20 14:37,,
3/5/20 14:47,,
3/5/20 14:57,,
3/5/20 15:06,,
3/5/20 15:17,,
3/5/20 15:27,,
3/5/20 15:37,,
3/5/20 15:47,,
3/5/20 15:57,,
3/5/20 16:07,,
3/5/20 16:17,,
3/5/20 16:27,,
3/5/20 16:37,,
3/5/20 16:47,,
3/5/20 16:57,,
3/5/20 17:07,,
3/5/20 17:17,,
3/5/20 17:27,,
3/5/20 17:37,,
3/5/20 17:47,,
3/5/20 17:57,,
3/5/20 18:07,,
3/5/20 18:17,,
3/5/20 18:27,,
3/5/20 18:37,,
3/5/20 18:47,,
3/5/20 18:57,,
3/5/20 19:07,,
3/5/20 19:17,,
3/5/20 19:27,,
3/5/20 19:37,,
3/5/20 19:47,,
3/5/20 19:57,,
3/5/20 20:07,,
3/5/20 20:17,,
3/5/20 20:27,,
3/5/20 20:37,,
3/5/20 20:47,,
3/5/20 20:57,,
3/5/20 21:06,,
3/5/20 21:17,,
3/5/20 21:27,,
3/5/20 21:37,,
3/5/20 21:47,,
3/5/20 21:57,,
3/5/20 22:07,,
3/5/20 22:16,,
3/5/20 22:27,,
3/5/20 22:37,,
3/5/20 22:47,,
3/5/20 22:57,,
3/5/20 23:07,,
3/5/20 23:17,,
3/5/20 23:26,,
3/5/20 23:37,,
3/5/20 23:47,,
3/5/20 23:57,,
3/6/20 0:07,,
3/6/20 0:17,,
3/6/20 0:27,,
3/6/20 0:36,,
3/6/20 0:47,,
3/6/20 0:57,,
3/6/20 1:07,,
3/6/20 1:17,,
3/6/20 1:27,,
3/6/20 1:37,,
3/6/20 1:46,,
3/6/20 1:57,,
3/6/20 2:07,,
3/6/20 2:17,,
3/6/20 2:27,,
3/6/20 2:37,,
3/6/20 2:47,,
3/6/20 2:56,,
3/6/20 3:07,,
3/6/20 3:17,,
3/6/20 3:27,,
3/6/20 3:37,,
3/6/20 3:47,,
3/6/20 3:57,,
3/6/20 4:06,,
3/6/20 4:17,,
3/6/20 4:27,,
3/6/20 4:37,,
3/6/20 4:47,,
3/6/20 4:57,,
3/6/20 5:07,,
3/6/20 5:16,,
3/6/20 5:27,,
3/6/20 5:37,,
3/6/20 5:47,,
3/6/20 5:57,,
3/6/20 6:07,,
3/6/20 6:17,,
3/6/20 6:27,,
3/6/20 6:37,,
3/6/20 6:47,,
3/6/20 6:57,,
3/6/20 7:07,,
3/6/20 7:17,,
3/6/20 7:27,,
3/6/20 7:36,,
3/6/20 7:47,,
3/6/20 7:57,,
3/6/20 8:07,,
3/6/20 8:17,,
3/6/20 8:27,,
3/6/20 8:37,,
3/6/20 8:47,,
3/6/20 8:57,,
3/6/20 9:07,,
3/6/20 9:17,,
3/6/20 9:27,,
3/6/20 9:37,,
3/6/20 9:47,,
3/6/20 9:56,,
3/6/20 10:07,,
3/6/20 10:17,,
3/6/20 10:27,,
3/6/20 10:37,,
3/6/20 10:47,,
3/6/20 10:57,,
3/6/20 11:07,,
3/6/20 11:17,,
3/6/20 11:27,,
3/6/20 11:37,,
3/6/20 11:47,,
3/6/20 11:57,,
3/6/20 12:07,,
3/6/20 12:17,,
3/6/20 12:27,,
3/6/20 12:37,,
3/6/20 12:47,,
3/6/20 12:57,,
3/6/20 13:07,,
3/6/20 13:17,,
3/6/20 13:26,,
3/6/20 13:37,,
3/6/20 13:47,,
3/6/20 13:57,,
3/6/20 14:07,,
3/6/20 14:17,,
3/6/20 14:27,,
3/6/20 14:37,,
3/6/20 14:47,,
3/6/20 14:57,,
3/6/20 15:07,,
3/6/20 15:17,,
3/6/20 15:27,,
3/6/20 15:37,,
3/6/20 15:47,,
3/6/20 15:57,,
3/6/20 16:07,,
3/6/20 16:17,,
3/6/20 16:27,,
3/6/20 16:37,,
3/6/20 16:47,,
3/6/20 16:57,,
3/6/20 17:07,,
3/6/20 17:17,,
3/6/20 17:27,,
3/6/20 17:37,,
3/6/20 17:47,,
3/6/20 17:57,,
3/6/20 18:06,,
3/6/20 18:17,,
3/6/20 18:27,,
3/6/20 18:37,,
3/6/20 18:47,,
3/6/20 18:57,,
3/6/20 19:07,,
3/6/20 19:18,,
3/6/20 19:27,,
3/6/20 19:37,,
3/6/20 19:47,,
3/6/20 19:58,,
3/6/20 20:07,,
3/6/20 20:17,,
3/6/20 20:27,,
3/6/20 20:37,,
3/6/20 20:47,,
3/6/20 20:57,,
3/6/20 21:07,,
3/6/20 21:17,,
3/6/20 21:27,,
3/6/20 21:37,,
3/6/20 21:47,,
3/6/20 21:57,,
3/6/20 22:07,,
3/6/20 22:17,,
3/6/20 22:27,,
3/6/20 22:37,,
3/6/20 22:47,,
3/6/20 22:57,,
3/6/20 23:07,,
3/6/20 23:18,,
3/6/20 23:27,,
3/6/20 23:37,,
3/6/20 23:47,,
3/6/20 23:57,,
3/7/20 0:07,,
3/7/20 0:17,,
3/7/20 0:27,,
3/7/20 0:37,,
3/7/20 0:47,,
3/7/20 0:57,,
3/7/20 1:07,,
3/7/20 1:17,,
3/7/20 1:27,,
3/7/20 1:37,,
3/7/20 1:47,,
3/7/20 1:57,,
3/7/20 2:07,,
3/7/20 2:17,,
3/7/20 2:28,,
3/7/20 2:37,,
3/7/20 2:47,,
3/7/20 2:57,,
3/7/20 3:07,,
3/7/20 3:17,,
3/7/20 3:27,,
3/7/20 3:38,,
3/7/20 3:47,,
3/7/20 3:57,,
3/7/20 4:07,,
3/7/20 4:17,,
3/7/20 4:27,,
3/7/20 4:37,,
3/7/20 4:47,,
3/7/20 4:57,,